firstName,lastName,email,company,position,phone,address,city,latitude,longitude,timezone,birthday,notes,tags,industries,websiteUrl,workPhone,homePhone,additionalAddresses,socials
Alex,Johnson,alex.johnson+001@example.com,Acme Corp,Engineer,+1-555-1001,,Seattle,,,America/Los_Angeles,,Test row 1,"tag1;tag2","technology;software",https://example.com,,,
Brooke,Williams,brooke.williams+002@example.com,Globex,Manager,+1-555-1002,,New York,40.7128,-74.0060,America/New_York,,Test row 2,"sales;enterprise","finance;saas",,,,
Chris,Brown,chris.brown+003@example.com,Initech,Analyst,+1-555-1003,,Chicago,,,America/Chicago,,Test row 3,,"technology",,,,
Drew,Smith,drew.smith+004@example.com,Stark Industries,Architect,+1-555-1004,,San Francisco,37.7749,-122.4194,America/Los_Angeles,,Test row 4,"tagA","technology;hardware",,,,
Evan,Taylor,evan.taylor+005@example.com,Wayne Enterprises,Director,+1-555-1005,,Austin,,,America/Chicago,,Test row 5,,,https://evan.example.com,,,
Faith,Moore,faith.moore+006@example.com,Wonka Inc,HR,+1-555-1006,,Boston,42.3601,-71.0589,America/New_York,,Test row 6,"hr","healthcare",,,,
Gabe,Martin,gabe.martin+007@example.com,Globex,Engineer,+1-555-1007,,Denver,,,America/Denver,,Test row 7,,,https://gabe.example.com,,,
Harper,Lee,harper.lee+008@example.com,Acme Corp,PM,+1-555-1008,,Phoenix,33.4484,-112.0740,America/Phoenix,,Test row 8,"pm","technology;software",,,,
Ian,Clark,ian.clark+009@example.com,Initech,Designer,+1-555-1009,,Portland,,,America/Los_Angeles,,Test row 9,,,https://ian.example.com,,,
Jade,Hall,jade.hall+010@example.com,Stark Industries,Engineer,+1-555-1010,,Miami,25.7617,-80.1918,America/New_York,,Test row 10,"frontend","technology",,,,
Kai,Allen,kai.allen+011@example.com,Wonka Inc,Analyst,+1-555-1011,,Dallas,,,America/Chicago,,Test row 11,,,https://kai.example.com,,,
Liam,Young,liam.young+012@example.com,Wayne Enterprises,Engineer,+1-555-1012,,San Jose,37.3382,-121.8863,America/Los_Angeles,,Test row 12,"tagX;tagY","software",,,,
Maya,King,maya.king+013@example.com,Globex,Support,+1-555-1013,,Atlanta,,,America/New_York,,Test row 13,,,https://maya.example.com,,,
Noah,Wright,noah.wright+014@example.com,Acme Corp,Engineer,+1-555-1014,,Seattle,47.6062,-122.3321,America/Los_Angeles,,Test row 14,"backend","technology",,,,
Olivia,Scott,olivia.scott+015@example.com,Initech,Manager,+1-555-1015,,Chicago,,,America/Chicago,,Test row 15,,,https://olivia.example.com,,,
Parker,Green,parker.green+016@example.com,Stark Industries,Engineer,+1-555-1016,,San Francisco,37.7749,-122.4194,America/Los_Angeles,,Test row 16,,,https://parker.example.com,,,
Quinn,Baker,quinn.baker+017@example.com,Wonka Inc,Recruiter,+1-555-1017,,New York,,,America/New_York,,Test row 17,,,https://quinn.example.com,,,
Riley,Adams,riley.adams+018@example.com,Wayne Enterprises,Engineer,+1-555-1018,,Boston,42.3601,-71.0589,America/New_York,,Test row 18,,,https://riley.example.com,,,
Sawyer,Nelson,sawyer.nelson+019@example.com,Globex,Engineer,+1-555-1019,,Austin,,,America/Chicago,,Test row 19,"go","technology",,,,
Taylor,Carter,taylor.carter+020@example.com,Acme Corp,Sales,+1-555-1020,,Miami,25.7617,-80.1918,America/New_York,,Test row 20,,,https://taylor.example.com,,,
Uma,Rivera,uma.rivera+021@example.com,Initech,Engineer,+1-555-1021,,Denver,,,America/Denver,,Test row 21,,,https://uma.example.com,,,
Vic,Cooper,vic.cooper+022@example.com,Stark Industries,Engineer,+1-555-1022,,Phoenix,33.4484,-112.0740,America/Phoenix,,Test row 22,,,https://vic.example.com,,,
Wren,Richardson,wren.richardson+023@example.com,Wonka Inc,Engineer,+1-555-1023,,Portland,,,America/Los_Angeles,,Test row 23,,,https://wren.example.com,,,
Xavier,Cox,xavier.cox+024@example.com,Wayne Enterprises,Engineer,+1-555-1024,,Chicago,41.8781,-87.6298,America/Chicago,,Test row 24,,,https://xavier.example.com,,,
Yara,Howard,yara.howard+025@example.com,Globex,Engineer,+1-555-1025,,Seattle,,,America/Los_Angeles,,Test row 25,,,https://yara.example.com,,,
Zane,Ward,zane.ward+026@example.com,Acme Corp,Engineer,+1-555-1026,,Dallas,32.7767,-96.7970,America/Chicago,,Test row 26,,,https://zane.example.com,,,
Aaron,Brooks,aaron.brooks+027@example.com,Initech,Engineer,+1-555-1027,,San Jose,,,America/Los_Angeles,,Test row 27,,,https://aaron.example.com,,,
Bella,Watson,bella.watson+028@example.com,Stark Industries,Engineer,+1-555-1028,,Atlanta,33.7490,-84.3880,America/New_York,,Test row 28,,,https://bella.example.com,,,
Cody,Nguyen,cody.nguyen+029@example.com,Wonka Inc,Engineer,+1-555-1029,,Austin,,,America/Chicago,,Test row 29,,,https://cody.example.com,,,
Dina,Ross,dina.ross+030@example.com,Wayne Enterprises,Engineer,+1-555-1030,,Boston,42.3601,-71.0589,America/New_York,,Test row 30,,,https://dina.example.com,,,
Eli,Peterson,eli.peterson+031@example.com,Globex,Engineer,+1-555-1031,,Portland,,,America/Los_Angeles,,Test row 31,,,https://eli.example.com,,,
Faye,Gray,faye.gray+032@example.com,Acme Corp,Engineer,+1-555-1032,,Seattle,47.6062,-122.3321,America/Los_Angeles,,Test row 32,,,https://faye.example.com,,,
Gus,Ramirez,gus.ramirez+033@example.com,Initech,Engineer,+1-555-1033,,San Francisco,,,America/Los_Angeles,,Test row 33,,,https://gus.example.com,,,
Hope,James,hope.james+034@example.com,Stark Industries,Engineer,+1-555-1034,,Denver,39.7392,-104.9903,America/Denver,,Test row 34,,,https://hope.example.com,,,
Iris,Reed,iris.reed+035@example.com,Wonka Inc,Engineer,+1-555-1035,,Miami,,,America/New_York,,Test row 35,,,https://iris.example.com,,,
Joel,Morgan,joel.morgan+036@example.com,Wayne Enterprises,Engineer,+1-555-1036,,Phoenix,33.4484,-112.0740,America/Phoenix,,Test row 36,,,https://joel.example.com,,,
Kira,Kim,kira.kim+037@example.com,Globex,Engineer,+1-555-1037,,Chicago,,,America/Chicago,,Test row 37,,,https://kira.example.com,,,
Leo,Butler,leo.butler+038@example.com,Acme Corp,Engineer,+1-555-1038,,New York,40.7128,-74.0060,America/New_York,,Test row 38,,,https://leo.example.com,,,
Mila,Barnes,mila.barnes+039@example.com,Initech,Engineer,+1-555-1039,,San Jose,,,America/Los_Angeles,,Test row 39,,,https://mila.example.com,,,
Nico,Long,nico.long+040@example.com,Stark Industries,Engineer,+1-555-1040,,Portland,45.5152,-122.6784,America/Los_Angeles,,Test row 40,,,https://nico.example.com,,,
Owen,Foster,owen.foster+041@example.com,Wonka Inc,Engineer,+1-555-1041,,Seattle,,,America/Los_Angeles,,Test row 41,,,https://owen.example.com,,,
Pia,Gonzalez,pia.gonzalez+042@example.com,Wayne Enterprises,Engineer,+1-555-1042,,Dallas,32.7767,-96.7970,America/Chicago,,Test row 42,,,https://pia.example.com,,,
Qiana,Bryant,qiana.bryant+043@example.com,Globex,Engineer,+1-555-1043,,San Francisco,,,America/Los_Angeles,,Test row 43,,,https://qiana.example.com,,,
Rex,Alexander,rex.alexander+044@example.com,Acme Corp,Engineer,+1-555-1044,,Atlanta,33.7490,-84.3880,America/New_York,,Test row 44,,,https://rex.example.com,,,
Sia,Hamilton,sia.hamilton+045@example.com,Initech,Engineer,+1-555-1045,,Austin,,,America/Chicago,,Test row 45,,,https://sia.example.com,,,
Troy,Griffin,troy.griffin+046@example.com,Stark Industries,Engineer,+1-555-1046,,Boston,42.3601,-71.0589,America/New_York,,Test row 46,,,https://troy.example.com,,,
Una,Diaz,una.diaz+047@example.com,Wonka Inc,Engineer,+1-555-1047,,Chicago,,,America/Chicago,,Test row 47,,,https://una.example.com,,,
Vera,Hayes,vera.hayes+048@example.com,Wayne Enterprises,Engineer,+1-555-1048,,Miami,25.7617,-80.1918,America/New_York,,Test row 48,,,https://vera.example.com,,,
Walt,Hughes,walt.hughes+049@example.com,Globex,Engineer,+1-555-1049,,Phoenix,,,America/Phoenix,,Test row 49,,,https://walt.example.com,,,
Xena,Myers,xena.myers+050@example.com,Acme Corp,Engineer,+1-555-1050,,Portland,45.5152,-122.6784,America/Los_Angeles,,Test row 50,,,https://xena.example.com,,,
Yves,Jordan,yves.jordan+051@example.com,Initech,Engineer,+1-555-1051,,Seattle,,,America/Los_Angeles,,Test row 51,,,https://yves.example.com,,,
Zoe,Montgomery,zoe.montgomery+052@example.com,Stark Industries,Engineer,+1-555-1052,,Dallas,32.7767,-96.7970,America/Chicago,,Test row 52,,,https://zoe.example.com,,,
Adan,Reyes,adan.reyes+053@example.com,Wonka Inc,Engineer,+1-555-1053,,San Jose,,,America/Los_Angeles,,Test row 53,,,https://adan.example.com,,,
Bianca,Hansen,bianca.hansen+054@example.com,Wayne Enterprises,Engineer,+1-555-1054,,New York,40.7128,-74.0060,America/New_York,,Test row 54,,,https://bianca.example.com,,,
Cesar,Chapman,cesar.chapman+055@example.com,Globex,Engineer,+1-555-1055,,Chicago,,,America/Chicago,,Test row 55,,,https://cesar.example.com,,,
Daria,Kelley,daria.kelley+056@example.com,Acme Corp,Engineer,+1-555-1056,,San Francisco,37.7749,-122.4194,America/Los_Angeles,,Test row 56,,,https://daria.example.com,,,
Enzo,Larson,enzo.larson+057@example.com,Initech,Engineer,+1-555-1057,,Seattle,,,America/Los_Angeles,,Test row 57,,,https://enzo.example.com,,,
Fiona,Carpenter,fiona.carpenter+058@example.com,Stark Industries,Engineer,+1-555-1058,,Austin,30.2672,-97.7431,America/Chicago,,Test row 58,,,https://fiona.example.com,,,
Gina,Greer,gina.greer+059@example.com,Wonka Inc,Engineer,+1-555-1059,,Boston,,,America/New_York,,Test row 59,,,https://gina.example.com,,,
Hank,Stevens,hank.stevens+060@example.com,Wayne Enterprises,Engineer,+1-555-1060,,Portland,45.5152,-122.6784,America/Los_Angeles,,Test row 60,,,https://hank.example.com,,,
Isla,Payne,isla.payne+061@example.com,Globex,Engineer,+1-555-1061,,Dallas,,,America/Chicago,,Test row 61,,,https://isla.example.com,,,
Jett,Webb,jett.webb+062@example.com,Acme Corp,Engineer,+1-555-1062,,Seattle,47.6062,-122.3321,America/Los_Angeles,,Test row 62,,,https://jett.example.com,,,
Kane,Hunter,kane.hunter+063@example.com,Initech,Engineer,+1-555-1063,,Chicago,,,America/Chicago,,Test row 63,,,https://kane.example.com,,,
Lara,Hicks,lara.hicks+064@example.com,Stark Industries,Engineer,+1-555-1064,,New York,40.7128,-74.0060,America/New_York,,Test row 64,,,https://lara.example.com,,,
Moe,Crawford,moe.crawford+065@example.com,Wonka Inc,Engineer,+1-555-1065,,San Jose,,,America/Los_Angeles,,Test row 65,,,https://moe.example.com,,,
Nina,Henry,nina.henry+066@example.com,Wayne Enterprises,Engineer,+1-555-1066,,San Francisco,37.7749,-122.4194,America/Los_Angeles,,Test row 66,,,https://nina.example.com,,,
Omar,Boyd,omar.boyd+067@example.com,Globex,Engineer,+1-555-1067,,Miami,,,America/New_York,,Test row 67,,,https://omar.example.com,,,
Pia,Black,pia.black+068@example.com,Acme Corp,Engineer,+1-555-1068,,Austin,30.2672,-97.7431,America/Chicago,,Test row 68,,,https://piab.example.com,,,
Qing,Poole,qing.poole+069@example.com,Initech,Engineer,+1-555-1069,,Boston,,,America/New_York,,Test row 69,,,https://qing.example.com,,,
Rae,Holland,rae.holland+070@example.com,Stark Industries,Engineer,+1-555-1070,,Atlanta,33.7490,-84.3880,America/New_York,,Test row 70,,,https://rae.example.com,,,
Saul,Atkins,saul.atkins+071@example.com,Wonka Inc,Engineer,+1-555-1071,,Dallas,,,America/Chicago,,Test row 71,,,https://saul.example.com,,,
Tia,Pratt,tia.pratt+072@example.com,Wayne Enterprises,Engineer,+1-555-1072,,Portland,45.5152,-122.6784,America/Los_Angeles,,Test row 72,,,https://tia.example.com,,,
Uri,Moss,uri.moss+073@example.com,Globex,Engineer,+1-555-1073,,Seattle,,,America/Los_Angeles,,Test row 73,,,https://uri.example.com,,,
Vik,Park,vik.park+074@example.com,Acme Corp,Engineer,+1-555-1074,,Boston,42.3601,-71.0589,America/New_York,,Test row 74,,,https://vik.example.com,,,
Wes,Hayden,wes.hayden+075@example.com,Initech,Engineer,+1-555-1075,,Austin,,,America/Chicago,,Test row 75,,,https://wes.example.com,,,
Xin,Beck,xin.beck+076@example.com,Stark Industries,Engineer,+1-555-1076,,Dallas,32.7767,-96.7970,America/Chicago,,Test row 76,,,https://xin.example.com,,,
Yuri,Pitts,yuri.pitts+077@example.com,Wonka Inc,Engineer,+1-555-1077,,San Francisco,,,America/Los_Angeles,,Test row 77,,,https://yuri.example.com,,,
Zia,Glass,zia.glass+078@example.com,Wayne Enterprises,Engineer,+1-555-1078,,Seattle,47.6062,-122.3321,America/Los_Angeles,,Test row 78,,,https://zia.example.com,,,
Arlo,Savage,arlo.savage+079@example.com,Globex,Engineer,+1-555-1079,,Chicago,,,America/Chicago,,Test row 79,,,https://arlo.example.com,,,
Bea,Chan,bea.chan+080@example.com,Acme Corp,Engineer,+1-555-1080,,New York,40.7128,-74.0060,America/New_York,,Test row 80,,,https://bea.example.com,,,
Cy,Kent,cy.kent+081@example.com,Initech,Engineer,+1-555-1081,,San Jose,,,America/Los_Angeles,,Test row 81,,,https://cy.example.com,,,
Dee,Fuentes,dee.fuentes+082@example.com,Stark Industries,Engineer,+1-555-1082,,Miami,25.7617,-80.1918,America/New_York,,Test row 82,,,https://dee.example.com,,,
Eli,Levy,eli.levy+083@example.com,Wonka Inc,Engineer,+1-555-1083,,Phoenix,,,America/Phoenix,,Test row 83,,,https://elil.example.com,,,
Fae,Kane,fae.kane+084@example.com,Wayne Enterprises,Engineer,+1-555-1084,,Portland,45.5152,-122.6784,America/Los_Angeles,,Test row 84,,,https://fae.example.com,,,
Geo,Nash,geo.nash+085@example.com,Globex,Engineer,+1-555-1085,,Seattle,,,America/Los_Angeles,,Test row 85,,,https://geo.example.com,,,
Hal,Reid,hal.reid+086@example.com,Acme Corp,Engineer,+1-555-1086,,Dallas,32.7767,-96.7970,America/Chicago,,Test row 86,,,https://hal.example.com,,,
Ivy,Odell,ivy.odell+087@example.com,Initech,Engineer,+1-555-1087,,San Francisco,,,America/Los_Angeles,,Test row 87,,,https://ivy.example.com,,,
Jay,Ayala,jay.ayala+088@example.com,Stark Industries,Engineer,+1-555-1088,,Austin,30.2672,-97.7431,America/Chicago,,Test row 88,,,https://jay.example.com,,,
Kye,Boone,kye.boone+089@example.com,Wonka Inc,Engineer,+1-555-1089,,Boston,,,America/New_York,,Test row 89,,,https://kye.example.com,,,
Lux,Shea,lux.shea+090@example.com,Wayne Enterprises,Engineer,+1-555-1090,,Chicago,41.8781,-87.6298,America/Chicago,,Test row 90,,,https://lux.example.com,,,
Moe,Hoover,moe.hoover+091@example.com,Globex,Engineer,+1-555-1091,,Miami,,,America/New_York,,Test row 91,,,https://moeh.example.com,,,
Neo,Page,neo.page+092@example.com,Acme Corp,Engineer,+1-555-1092,,Phoenix,33.4484,-112.0740,America/Phoenix,,Test row 92,,,https://neo.example.com,,,
Ora,Best,ora.best+093@example.com,Initech,Engineer,+1-555-1093,,Portland,,,America/Los_Angeles,,Test row 93,,,https://ora.example.com,,,
Poe,Wyatt,poe.wyatt+094@example.com,Stark Industries,Engineer,+1-555-1094,,Seattle,47.6062,-122.3321,America/Los_Angeles,,Test row 94,,,https://poe.example.com,,,
Qin,Vega,qin.vega+095@example.com,Wonka Inc,Engineer,+1-555-1095,,Dallas,,,America/Chicago,,Test row 95,,,https://qin.example.com,,,
Raj,Ott,raj.ott+096@example.com,Wayne Enterprises,Engineer,+1-555-1096,,San Jose,37.3382,-121.8863,America/Los_Angeles,,Test row 96,,,https://raj.example.com,,,
Sol,Lang,sol.lang+097@example.com,Globex,Engineer,+1-555-1097,,New York,,,America/New_York,,Test row 97,,,https://sol.example.com,,,
Tia,Noel,tia.noel+098@example.com,Acme Corp,Engineer,+1-555-1098,,Chicago,41.8781,-87.6298,America/Chicago,,Test row 98,,,https://tian.example.com,,,
Uma,Osman,uma.osman+099@example.com,Initech,Engineer,+1-555-1099,,Austin,,,America/Chicago,,Test row 99,,,https://umao.example.com,,,
Vik,Page,vik.page+100@example.com,Stark Industries,Engineer,+1-555-1100,,Boston,42.3601,-71.0589,America/New_York,,Test row 100,,,https://vikp.example.com,,,
Will,Qi,will.qi+101@example.com,Wonka Inc,Engineer,+1-555-1101,,Portland,,,America/Los_Angeles,,Test row 101,,,https://willq.example.com,,,
Xia,Roy,xia.roy+102@example.com,Wayne Enterprises,Engineer,+1-555-1102,,Seattle,47.6062,-122.3321,America/Los_Angeles,,Test row 102,,,https://xiar.example.com,,,
Yul,Seo,yul.seo+103@example.com,Globex,Engineer,+1-555-1103,,Dallas,,,America/Chicago,,Test row 103,,,https://yuls.example.com,,,
Ziv,Tan,ziv.tan+104@example.com,Acme Corp,Engineer,+1-555-1104,,San Francisco,37.7749,-122.4194,America/Los_Angeles,,Test row 104,,,https://zivt.example.com,,,

